<?xml version="1.0" encoding="UTF-8" standalone="yes"?>
<addon id="repository.ent4usrepo" name="RLent. Repo" version="0.0.1" provider-name="">
	<extension point="xbmc.addon.repository" name="RLent. Repo">
		<dir>
			<info compressed="false">https://raw.githubusercontent.com/totalrevolution/python-koding/master/zips/addons.xml</info>
			<checksum>https://raw.githubusercontent.com/totalrevolution/python-koding/master/zips/addons.xml.md5</checksum>
			<datadir zip="true">https://raw.githubusercontent.com/totalrevolution/python-koding/master/zips/</datadir>
		</dir>
		<info compressed="false">https://raw.githubusercontent.com/r0lew1s/repository.ent4usrepo/master/zips/addons.xml</info>
		<checksum>https://raw.githubusercontent.com/r0lew1s/repository.ent4usrepo/master/zips/addons.xml.md5</checksum>
		<datadir zip="true">https://raw.githubusercontent.com/r0lew1s/repository.ent4usrepo/master/zips/</datadir>
	</extension>
	<extension point="xbmc.addon.metadata">
		<summary lang="en">For entertainment purposes only.</summary>
		<description lang="en">For entertainment purposes only.</description>
		<genre>livetv,movies,tvshows,canadian,uk,usa</genre>
	</extension>
</addon>